n484,
n485,n484,
n487,n485,n484,
n708,n487,n485,n484,
n489,n708,n487,n485,n484,
n490,n489,n708,n487,n485,n484,
n601,
n561,
n585,n561,
n583,
n590,
n605,
n613,n605,n601,n585,n590,n583,n561,
n615,n613,n605,n601,n585,n590,n583,n561,
n619,n615,n613,n605,n601,n585,n590,n583,n561,
n618,
n641,
n643,n641,
n645,n643,n641,
n647,n645,n643,n641,
n661,
n679,
n681,n679,
n683,n681,n679,
n684,n683,n681,n679,
n704,n684,n683,n681,n679,
n700,
n702,n700,
n703,n702,n700,
n705,n704,n703,n684,n702,n683,n700,n681,n679,
n709,n708,n487,n485,n484,
n740,
n744,n740,
n748,n744,n740,
n749,n748,n744,n740,
n757,
n758,n757,
n759,
n760,n759,n709,n708,n487,n485,n484,
n761,n760,n759,n709,n708,n487,n485,n484,
n762,n761,n760,n749,n759,n748,n709,n744,n708,n740,n487,n485,n484,
