n708,n744,
n761,n762,
n681,n749,
n487,n601,
n583,n683,
n605,n749,
n703,n758,
n489,n661,
n744,n760,
n601,n705,
n684,n744,
n585,n758,
n485,n748,
n561,n705,
n683,n758,
n561,n683,
n615,n709,
n613,n700,
n643,n709,
n490,n761,
n590,n760,
n583,n681,
n601,n761,
n489,n490,
n684,n708,
n643,n758,
n645,n683,
n590,n619,
n601,n681,
n615,n740,
n643,n740,
n490,n757,
n561,n681,
n708,n760,
n647,n761,
n760,n762,
n645,n681,
n590,n641,
n684,n760,
n605,n748,
n613,n647,
n590,n679,
n679,n709,
n487,n702,
n590,n643,
n613,n684,
n647,n757,
n489,n590,
n485,n683,
n709,n761,
n484,n705,
n487,n700,
n618,n749,
n583,n618,
n613,n704,
n679,n740,
n484,n683,
n489,n709,
n703,n705,
n681,n757,
n489,n758,
n585,n705,
n485,n681,
n601,n618,
n487,n613,
n740,n759,
n683,n705,
n704,n758,
n585,n683,
n561,n618,
n661,n709,
n489,n740,
n484,n681,
n641,n700,
n487,n647,
n615,n705,
n643,n705,
n487,n684,
n661,n740,
n645,n744,
n615,n683,
n643,n683,
n619,n761,
n585,n681,
n590,n703,
n590,n645,
n641,n708,
n583,n760,
n490,n585,
n490,n759,
n641,n647,
n702,n762,
n619,n757,
n645,n708,
n601,n759,
n615,n681,
n643,n681,
n618,n761,
n641,n684,
n700,n762,
n490,n702,
n684,n703,
n485,n744,
n490,n700,
n613,n661,
n484,n618,
n641,n704,
n561,n760,
n679,n683,
n647,n759,
n618,n757,
n700,n749,
n645,n704,
n583,n641,
n489,n705,
n645,n760,
n583,n679,
n585,n618,
n757,n762,
n490,n613,
n489,n683,
n583,n643,
n704,n705,
n485,n708,
n702,n709,
n679,n681,
n709,n759,
n705,n762,
n601,n679,
n661,n705,
n590,n605,
n681,n702,
n561,n641,
n484,n561,
n561,n679,
n601,n643,
n683,n744,
n661,n683,
n681,n700,
n702,n740,
n490,n684,
n605,n700,
n489,n681,
n561,n643,
n705,n749,
n485,n704,
n647,n679,
n485,n760,
n708,n758,
n615,n744,
n487,n661,
n643,n744,
n487,n615,
n485,n619,
n702,n748,
n484,n760,
n661,n681,
n590,n749,
n700,n748,
n561,n583,
n484,n619,
n615,n708,
n703,n760,
n643,n708,
n487,n490,
n605,n647,
n613,n709,
n585,n760,
n485,n641,
n619,n759,
n641,n661,
n583,n645,
n681,n684,
n605,n684,
n683,n760,
n585,n619,
n645,n661,
n619,n702,
n679,n744,
n484,n641,
n700,n757,
n484,n679,
n613,n740,
n605,n704,
n684,n749,
n489,n618,
n601,n645,
n615,n760,
n618,n759,
n484,n643,
n643,n760,
n705,n748,
n561,n645,
n485,n489,
n489,n744,
n585,n641,
n645,n703,
n615,n619,
n618,n702,
n585,n679,
n679,n708,
n744,n761,
n485,n583,
n618,n700,
n585,n643,
n619,n679,
n484,n583,
n485,n661,
n661,n744,
n487,n709,
n489,n561,
n615,n641,
n744,n757,
n590,n761,
n679,n704,
n679,n760,
n490,n615,
n583,n605,
n487,n740,
n485,n703,
n740,n749,
n748,n760,
n661,n708,
n590,n757,
n708,n761,
n489,n760,
n641,n709,
n601,n605,
n484,n703,
n618,n684,
n484,n645,
n684,n761,
n641,n758,
n561,n605,
n613,n705,
n489,n619,
n704,n760,
n490,n762,
n645,n758,
n613,n683,
n641,n740,
n605,n661,
n661,n760,
n585,n703,
n583,n749,
n585,n645,
n684,n757,
n683,n703,
n489,n641,
n485,n590,
n601,n749,
n647,n762,
n613,n681,
n489,n643,
n615,n703,
n643,n703,
n700,n702,
n561,n749,
n615,n645,
n643,n645,
n702,n744,
n485,n758,
n490,n709,
n681,n762,
n647,n749,
n487,n705,
n709,n762,
n489,n583,
n484,n605,
n487,n683,
n744,n759,
n490,n740,
n702,n708,
n740,n757,
n709,n749,
n679,n703,
n585,n605,
n583,n761,
n641,n705,
n487,n681,
n490,n748,
n590,n759,
n681,n709,
n645,n705,
n702,n704,
n605,n709,
n641,n683,
n489,n703,
n702,n760,
n590,n702,
n484,n749,
n489,n645,
n605,n758,
n615,n758,
n613,n744,
n583,n757,
n590,n700,
n708,n759,
n561,n761,
n619,n762,
n681,n740,
n703,n749,
n647,n748,
n605,n740,
n661,n703,
n645,n761,
n585,n749,
n684,n759,
n641,n681,
n601,n757,
n759,n762,
n683,n749,
n613,n708,
n590,n613,
n561,n757,
n619,n749,
n684,n702,
n681,n748,
n618,n762,
n485,n705,
n757,n760,
n679,n758,
n590,n684,
n748,n758,
n487,n744,
n613,n760,
n485,n761,
n490,n601,
n489,n605,
n709,n757,
n613,n619,
n484,n761,
n618,n709,
n487,n561,
n487,n708,
n703,n761,
n661,n758,
n605,n705,
n613,n641,
n585,n761,
n641,n744,
n484,n757,
n619,n748,
n618,n740,
n681,n683,
n749,n760,
n605,n683,
n683,n761,
n758,n760,
n702,n703,
n489,n749,
n703,n757,
n583,n759,
n583,n585,
n487,n704,
n487,n760,
n585,n757,
n484,n487,
n615,n761,
n643,n761,
n704,n749,
n618,n748,
n583,n702,
n683,n757,
n487,n619,
n605,n681,
n583,n700,
n485,n618,
n561,n759,
n561,n585,
n679,n705,
n615,n757,
n643,n757,
n601,n702,
n645,n759,
n561,n702,
n487,n641,
n601,n700,
n641,n760,
n490,n744,
n583,n613,
n561,n700,
n679,n761,
n647,n702,
n590,n615,
n485,n561,
n613,n703,
n748,n761,
n647,n700,
n601,n613,
n613,n645,
n744,n762,
n702,n758,
n490,n708,
n583,n684,
n700,n709,
n487,n489,
n561,n613,
n489,n761,
n490,n647,
n487,n583,
n485,n759,
n485,n585,
n615,n618,
n748,n757,
n704,n761,
n645,n679,
n641,n643,
n601,n684,
n744,n749,
n700,n740,
n590,n762,
n681,n744,
n605,n744,
n484,n759,
n484,n585,
n489,n757,
n661,n761,
n561,n684,
n490,n704,
n490,n760,
n484,n702,
n703,n759,
n704,n757,
n647,n684,
n757,n758,
n490,n619,
n705,n709,
n585,n759,
n708,n762,
n484,n700,
n681,n708,
n661,n757,
n487,n703,
n605,n708,
n487,n645,
n683,n759,
n647,n704,
n585,n702,
n684,n762,
n485,n679,
n705,n740,
n613,n758,
n708,n749,
n490,n641,
n585,n700,
n683,n702,
n590,n709,
n615,n759,
n484,n613,
n643,n759,
n485,n643,
n681,n704,
n683,n700,
n681,n760,
n619,n700,
n605,n760,
n615,n702,
n643,n702,
n641,n703,
n744,n748,
n590,n740,
n641,n645,
n585,n613,
n605,n619,
n702,n705,
n484,n684,
n487,n590,
n749,n758,
n590,n748,
n618,n744,
n679,n759,
n740,n762,
n605,n641,
n585,n684,
n583,n615,
n702,n761,
n619,n647,
n615,n679,
n643,n679,
n487,n758,
n490,n661,
n748,n759,
n487,n605,
n683,n684,
n619,n684,
n615,n643,
n601,n615,
n489,n759,
n489,n585,
n618,n708,
n485,n645,
n619,n704,
n561,n615,
n490,n703,
n618,n647,
n684,n748,
n489,n702,
n647,n661,
n704,n759,
n583,n762,
n489,n700,
n661,n759,
n757,n761,
n759,n760,
n708,n757,
n618,n704,
n601,n762,
n661,n702,
n561,n762,
n489,n613,
n613,n761,
n489,n679,
n645,n762,
n590,n601,
n681,n703,
n605,n703,
n490,n590,
n583,n709,
n641,n749,
n605,n645,
n740,n748,
n613,n757,
n645,n749,
n661,n679,
n484,n615,
n485,n605,
n700,n744,
n601,n709,
n583,n740,
n490,n758,
n561,n709,
n749,n761,
n758,n761,
n485,n762,
n585,n615,
n619,n661,
n601,n740,
n647,n709,
n583,n748,
n487,n761,
n700,n708,
n561,n740,
n484,n762,
n702,n759,
n485,n749,
n601,n748,
n705,n744,
n703,n762,
n613,n618,
n618,n661,
n647,n740,
n561,n748,
n585,n762,
n681,n758,
n700,n704,
n700,n760,
n683,n762,
n641,n761,
n590,n744,
n705,n708,
n709,n740,
n615,n762,
n643,n762,
n484,n709,
n757,n759,
n641,n757,
n703,n709,
n645,n757,
n709,n748,
n590,n708,
n684,n700,
n615,n749,
n484,n740,
n490,n705,
n585,n709,
n643,n749,
n590,n647,
n613,n759,
n705,n760,
n487,n618,
n583,n601,
n489,n615,
n683,n709,
n490,n683,
n703,n740,
n619,n709,
n613,n702,
n601,n683,
n585,n740,
n619,n758,
n484,n748,
n679,n762,
n590,n704,
n647,n705,
n683,n740,
n619,n740,
n748,n762,
n561,n601,
n703,n748,
n490,n681,
n485,n757,
n647,n683,
n585,n748,
n679,n749,
n618,n758,
n489,n762,
n749,n759,
n681,n705,
n758,n759,
n683,n748,
n748,n749,
n613,n679,
n704,n762,
n487,n759,
n684,n704,
n487,n585,
n485,n487,
n613,n643,
n740,n744,
n647,n681,
n615,n748,
n661,n762,
n643,n748,
n681,n761,
n700,n703,
n605,n761,
n485,n601,
n661,n749,
n641,n759,
n605,n757,
n583,n744,
n484,n601,
n490,n618,
n704,n709,
n641,n702,
n487,n679,
n679,n748,
n619,n705,
n601,n744,
n590,n661,
n645,n702,
n487,n643,
n585,n601,
n740,n760,
n704,n740,
n561,n744,
n583,n708,
n619,n683,
n645,n700,
n583,n647,
n489,n748,
n490,n561,
n618,n705,
n647,n744,
n679,n757,
n601,n708,
n704,n748,
n641,n679,
n700,n758,
n605,n618,
n601,n647,
n561,n708,
n618,n683,
n760,n761,
n619,n681,
n583,n704,
n661,n748,
n759,n761,
n561,n647,
n485,n702,
n647,n708,
n709,n744,
n583,n619,
n645,n647,
n485,n700,
n601,n704,
n601,n760,
n618,n681,
n645,n684,
n561,n704,
n702,n749,
n601,n619,
n613,n615,
n705,n758,
n744,n758,
n484,n744,
n561,n619,
n485,n613,
n647,n760,
n681,n759,
n605,n759,
n703,n744,
n490,n679,
n601,n641,
n485,n647,
n489,n601,
n585,n744,
n590,n758,
n490,n643,
n605,n702,
n485,n684,
n484,n708,
n613,n762,
n709,n760,
n484,n647,
n619,n744,
n615,n700,
n708,n709,
n643,n700,
n703,n708,
n585,n708,
n700,n705,
n684,n709,
n613,n749,
n490,n583,
n585,n647,
n583,n661,
n484,n704,
n708,n740,
n684,n758,
n683,n708,
n605,n613,
n619,n708,
n605,n679,
n703,n704,
n684,n740,
n601,n661,
n679,n702,
n605,n643,
n700,n761,
n749,n762,
n585,n704,
n583,n703,
n758,n762,
n615,n647,
n708,n748,
n561,n661,
n643,n647,
n679,n700,
n683,n704,
n615,n684,
n702,n757,
n643,n684,
n487,n762,
n619,n760,
n490,n645,
n601,n703,
n615,n704,
n643,n704,
n561,n703,
n487,n749,
n590,n705,
n740,n758,
n705,n761,
n618,n760,
n647,n703,
n613,n748,
n641,n762,
n704,n744,
n619,n641,
n590,n683,
n618,n619,
n661,n700,
n484,n489,
n583,n590,
n679,n684,
n619,n643,
n489,n708,
n705,n757,
n485,n615,
n489,n647,
n484,n661,
n704,n708,
n583,n758,
n684,n705,
n489,n684,
n618,n641,
n590,n681,
n561,n590,
n618,n679,
n484,n485,
n485,n490,
n618,n643,
n490,n605,
n489,n704,
n585,n661,
n601,n758,
n661,n684,
n484,n490,
n487,n748,
n561,n758,
n645,n709,
n661,n704,
n647,n758,
n615,n661,
n643,n661,
n749,n757,
n645,n740,
n605,n615,
n619,n703,
n700,n759,
n490,n749,
n487,n757,
n619,n645,
n641,n748,
n590,n618,
n709,n758,
n645,n748,
n484,n590,
n485,n709,
n618,n703,
n605,n762,
n740,n761,
n618,n645,
n485,n740,
n585,n590,
n484,n758,
n583,n705,
n705,n759,
