DFF_12_N3,n145,n144,n143,n141,n152,n150,n148,n160,n158,n156,n154,
DFF_8_N3,n153,n152,n150,n148,n160,n158,n156,n154,
DFF_4_N3,n161,n160,n158,n156,n154,
DFF_14_N3,n140,n141,n152,n150,n148,n160,n158,n156,n154,
n154,
n156,n154,
n158,n156,n154,
n160,n158,n156,
n148,n160,n158,n156,n154,
n150,n148,n160,n158,n156,n154,
n152,n150,n148,n160,n158,n156,n154,
n141,n152,n150,n148,n160,
n140,n141,n152,n150,n148,n160,n158,n156,n154,
n143,n141,n152,n150,n148,n160,n158,n156,n154,
n144,n143,n141,n152,
n145,n144,n143,n141,n152,n150,n148,n160,n158,n156,n154,
n149,n148,n160,n158,n156,n154,
n153,n152,n150,n148,n160,
n161,n160,n158,n156,n154,
