0,010000000000000000011111011011111111
,1,n154,n156,n158,n160,n148,n150,n152,n141,n143,
1,010000000000000000011111011111111111
,1,DFF_12_N3,n154,n156,n158,n160,n148,n150,n152,n141,n143,n145,
2,010000000000000000011111111011111111
,1,DFF_12_N3,n154,n156,n158,n160,n148,n150,n152,n141,n143,n144,n145,
3,010000000000000000010111001010111101
,0,n154,n156,n158,n160,n148,n150,
4,010000000000000000010111001010111111
,1,DFF_14_N3,n154,n156,n158,n160,n148,n150,n140,
5,010000000000000000010111001011111101
,1,DFF_8_N3,n154,n156,n158,n160,n148,n150,n153,
6,010000000000000000010111001110111101
,0,DFF_12_N3,n154,n156,n158,n160,n148,n150,n145,
7,010000000000000000010111011010111101
,0,DFF_8_N3,n154,n156,n158,n160,n148,n150,n152,n153,
8,010000000000000000011111011011111101
,1,DFF_14_N3,n154,n156,n158,n160,n148,n150,n152,n141,n140,
9,010000000000000000011111111111111111
,0,n154,n156,n158,n160,n148,n150,n152,n141,n143,n144,
10,010000000000000000010111011010111111
,0,DFF_8_N3,DFF_14_N3,n154,n156,n158,n160,n148,n150,n152,n140,n153,
11,010000000000000000010111011110111101
,0,DFF_12_N3,DFF_8_N3,n154,n156,n158,n160,n148,n150,n152,n145,n153,
12,010000000000000000011111011111111101
,1,DFF_12_N3,DFF_14_N3,n154,n156,n158,n160,n148,n150,n152,n141,n140,n145,
13,010000000000000000111111011011111111
,0,n154,n156,n158,n160,n148,n150,n152,n141,n143,
14,010000000000000000111111111011111111
,0,DFF_12_N3,n154,n156,n158,n160,n148,n150,n152,n141,n143,n144,n145,
15,010000000000000001011111111011111111
,0,DFF_12_N3,n154,n156,n158,n160,n148,n150,n152,n141,n143,n144,n145,
16,010000000000000000011111111011111101
,0,DFF_14_N3,n154,n156,n158,n160,n148,n150,n152,n141,n140,
17,010000000000000000011111111111111101
,0,DFF_12_N3,DFF_14_N3,n154,n156,n158,n160,n148,n150,n152,n141,n140,n145,
18,010000000000000000010111011110111111
,0,DFF_12_N3,DFF_8_N3,DFF_14_N3,n154,n156,n158,n160,n148,n150,n152,n140,n145,n153,
19,010000000000000000111111011011111101
,0,DFF_14_N3,n154,n156,n158,n160,n148,n150,n152,n141,n140,
20,010000000000000000111111011111111101
,0,DFF_12_N3,DFF_14_N3,n154,n156,n158,n160,n148,n150,n152,n141,n140,n145,
21,010000000000000001111111111011111111
,0,DFF_12_N3,n154,n156,n158,n160,n148,n150,n152,n141,n143,n144,n145,
22,010000000000000000010111001010111100
,0,n154,n156,n158,n160,n148,n149,
23,010000000000000000010111001010111110
,0,DFF_14_N3,n154,n156,n158,n160,n148,n140,n149,
24,010000000000000000010111001011111100
,1,DFF_8_N3,n154,n156,n158,n160,n148,n149,n153,
25,010000000000000000010111001110111100
,1,DFF_12_N3,n154,n156,n158,n160,n148,n145,n149,
26,010000000000000000111111011111111111
,0,DFF_12_N3,n154,n156,n158,n160,n148,n150,n152,n141,n143,n145,
27,010000000000000000010111011111111101
,0,DFF_12_N3,n154,n156,n158,n160,n148,n150,n152,n145,
28,010000000000000000010111011111111111
,0,DFF_12_N3,DFF_14_N3,n154,n156,n158,n160,n148,n150,n152,n140,n145,
29,010000000000000000011111011110111101
,0,DFF_12_N3,DFF_8_N3,n154,n156,n158,n160,n148,n150,n152,n145,n153,
30,010000000000000001011111011111111101
,0,DFF_12_N3,DFF_14_N3,n154,n156,n158,n160,n148,n150,n152,n141,n140,n145,
31,010000000000000001011111011111111111
,0,DFF_12_N3,n154,n156,n158,n160,n148,n150,n152,n141,n143,n145,
32,010000000000000001111111011111111101
,0,DFF_12_N3,DFF_14_N3,n154,n156,n158,n160,n148,n150,n152,n141,n140,n145,
33,010000000000000001111111011111111111
,0,DFF_12_N3,n154,n156,n158,n160,n148,n150,n152,n141,n143,n145,
34,010000000000000000010111001110111111
,0,DFF_12_N3,DFF_14_N3,n154,n156,n158,n160,n148,n150,n140,n145,
35,010000000000000000010111001111111101
,0,DFF_12_N3,DFF_8_N3,n154,n156,n158,n160,n148,n150,n145,n153,
36,010000000000000000011111011110111111
,0,DFF_12_N3,DFF_8_N3,DFF_14_N3,n154,n156,n158,n160,n148,n150,n152,n140,n145,n153,
37,010000000000000010011111011111111101
,0,DFF_12_N3,DFF_14_N3,n154,n156,n158,n160,n148,n150,n152,n141,n140,n145,
38,010000000000000010011111011111111111
,0,DFF_12_N3,n154,n156,n158,n160,n148,n150,n152,n141,n143,n145,
39,010000000000000000010111001110111110
,0,DFF_12_N3,DFF_14_N3,n154,n156,n158,n160,n148,n140,n145,n149,
40,010000000000000000010111001111111100
,0,DFF_12_N3,DFF_8_N3,n154,n156,n158,n160,n148,n145,n149,n153,
41,010000000000000000010111001111111111
,0,DFF_12_N3,DFF_8_N3,DFF_14_N3,n154,n156,n158,n160,n148,n150,n140,n145,n153,
42,010000000000000000110111011110111101
,0,DFF_12_N3,DFF_8_N3,n154,n156,n158,n160,n148,n150,n152,n145,n153,
43,010000000000000000010111001011111111
,0,DFF_8_N3,DFF_14_N3,n154,n156,n158,n160,n148,n150,n140,n153,
44,010000000000000000010111011011111111
,0,DFF_14_N3,n154,n156,n158,n160,n148,n150,n152,n140,
45,010000000000000000010111101110111111
,0,DFF_12_N3,DFF_14_N3,n154,n156,n158,n160,n148,n150,n140,n145,
46,010000000000000000010111111010111111
,0,DFF_8_N3,DFF_14_N3,n154,n156,n158,n160,n148,n150,n152,n140,n153,
47,010000000000000000010111111110111111
,0,DFF_12_N3,DFF_8_N3,DFF_14_N3,n154,n156,n158,n160,n148,n150,n152,n140,n145,n153,
48,010000000000000000010111000010111010
,1,DFF_4_N3,DFF_14_N3,n154,n156,n158,n160,n140,n161,
49,010000000000000000010111000010111011
,0,DFF_4_N3,DFF_14_N3,n154,n156,n158,n160,n140,n149,n161,
50,010000000000000000010111000011111010
,1,DFF_8_N3,DFF_4_N3,DFF_14_N3,n154,n156,n158,n160,n140,n153,n161,
51,010000000000000000010111000110111010
,1,DFF_12_N3,DFF_4_N3,DFF_14_N3,n154,n156,n158,n160,n140,n145,n161,
52,010000000000000000010111001011111110
,0,DFF_8_N3,DFF_14_N3,n154,n156,n158,n160,n148,n140,n149,n153,
53,010000000000000000010111101010111111
,0,DFF_14_N3,n154,n156,n158,n160,n148,n150,n140,
54,010000000000000000010111001111111110
,0,DFF_12_N3,DFF_8_N3,DFF_14_N3,n154,n156,n158,n160,n148,n140,n145,n149,n153,
55,010000000000000000010111101011111111
,0,DFF_8_N3,DFF_14_N3,n154,n156,n158,n160,n148,n150,n140,n153,
56,010000000000000000010111111011111111
,0,DFF_14_N3,n154,n156,n158,n160,n148,n150,n152,n140,
57,010000000000000000010111000010111000
,0,DFF_4_N3,n154,n156,n158,n160,n161,
58,010000000000000000010111000010111001
,0,DFF_4_N3,n154,n156,n158,n160,n149,n161,
59,010000000000000000010111000011111000
,0,DFF_8_N3,DFF_4_N3,n154,n156,n158,n160,n153,n161,
60,010000000000000000010111000011111011
,0,DFF_8_N3,DFF_4_N3,DFF_14_N3,n154,n156,n158,n160,n140,n149,n153,n161,
61,010000000000000000010111000110111000
,0,DFF_12_N3,DFF_4_N3,n154,n156,n158,n160,n145,n161,
62,010000000000000000010111101011111101
,0,DFF_8_N3,n154,n156,n158,n160,n148,n150,n153,
63,010000000000000000010111101111111101
,0,DFF_12_N3,DFF_8_N3,n154,n156,n158,n160,n148,n150,n145,n153,
64,010000000000000000010111101111111111
,0,DFF_12_N3,DFF_8_N3,DFF_14_N3,n154,n156,n158,n160,n148,n150,n140,n145,n153,
65,010000000000000000010111101011111100
,0,DFF_8_N3,n154,n156,n158,n160,n148,n149,n153,
66,010000000000000000010111101011111110
,0,DFF_8_N3,DFF_14_N3,n154,n156,n158,n160,n148,n140,n149,n153,
67,010000000000000000010111101111111100
,0,DFF_12_N3,DFF_8_N3,n154,n156,n158,n160,n148,n145,n149,n153,
68,010000000000000000011111001011111101
,0,DFF_8_N3,n154,n156,n158,n160,n148,n150,n153,
69,010000000000000000010111111111111111
,0,DFF_12_N3,DFF_14_N3,n154,n156,n158,n160,n148,n150,n152,n140,n145,
70,010000000000000000110111011010111111
,0,DFF_8_N3,DFF_14_N3,n154,n156,n158,n160,n148,n150,n152,n140,n153,
71,010000000000000000110111001010111111
,0,DFF_14_N3,n154,n156,n158,n160,n148,n150,n140,
72,010000000000000000110111001011111111
,0,DFF_8_N3,DFF_14_N3,n154,n156,n158,n160,n148,n150,n140,n153,
73,010000000000000000110111001110111111
,0,DFF_12_N3,DFF_14_N3,n154,n156,n158,n160,n148,n150,n140,n145,
74,010000000000000000110111011011111111
,0,DFF_14_N3,n154,n156,n158,n160,n148,n150,n152,n140,
75,010000000000000010111111011111111111
,0,DFF_12_N3,n154,n156,n158,n160,n148,n150,n152,n141,n143,n145,
76,010000000000000000110111011110111111
,0,DFF_12_N3,DFF_8_N3,DFF_14_N3,n154,n156,n158,n160,n148,n150,n152,n140,n145,n153,
77,010000000000000010111111011111111101
,0,DFF_12_N3,DFF_14_N3,n154,n156,n158,n160,n148,n150,n152,n141,n140,n145,
78,010000000000000011011111011111111111
,0,DFF_12_N3,n154,n156,n158,n160,n148,n150,n152,n141,n143,n145,
79,010000000000000000011111001110111101
,0,DFF_12_N3,n154,n156,n158,n160,n148,n150,n145,
80,010000000000000000011111001110111111
,0,DFF_12_N3,DFF_14_N3,n154,n156,n158,n160,n148,n150,n140,n145,
81,010000000000000000011111001111111101
,0,DFF_12_N3,DFF_8_N3,n154,n156,n158,n160,n148,n150,n145,n153,
82,010000000000000000110111011111111101
,0,DFF_12_N3,n154,n156,n158,n160,n148,n150,n152,n145,
83,010000000000000011011111011111111101
,0,DFF_12_N3,DFF_14_N3,n154,n156,n158,n160,n148,n150,n152,n141,n140,n145,
84,010000000000000011111111011111111111
,0,DFF_12_N3,n154,n156,n158,n160,n148,n150,n152,n141,n143,n145,
85,010000000000000000010111011110111100
,0,DFF_12_N3,n154,n156,n158,n160,n148,n145,n149,
86,010000000000000000010111011110111110
,0,DFF_12_N3,DFF_14_N3,n154,n156,n158,n160,n148,n140,n145,n149,
87,010000000000000000010111011111111100
,0,DFF_12_N3,DFF_8_N3,n154,n156,n158,n160,n148,n145,n149,n153,
88,010000000000000000011111001111111111
,0,DFF_12_N3,DFF_8_N3,DFF_14_N3,n154,n156,n158,n160,n148,n150,n140,n145,n153,
89,010000000000000000110111011111111111
,0,DFF_12_N3,DFF_14_N3,n154,n156,n158,n160,n148,n150,n152,n140,n145,
90,010000000000000000111111111011111101
,0,DFF_14_N3,n154,n156,n158,n160,n148,n150,n152,n141,n140,
91,010000000000000000111111111111111101
,0,DFF_12_N3,DFF_14_N3,n154,n156,n158,n160,n148,n150,n152,n141,n140,n145,
92,010000000000000000111111111111111111
,0,n154,n156,n158,n160,n148,n150,n152,n141,n143,n144,
93,010000000000000000010111011010111100
,0,n154,n156,n158,n160,n148,n149,
94,010000000000000000010111011010111110
,0,DFF_14_N3,n154,n156,n158,n160,n148,n140,n149,
95,010000000000000000010111011011111100
,0,DFF_8_N3,n154,n156,n158,n160,n148,n149,n153,
96,010000000000000000010111011011111101
,0,n154,n156,n158,n160,n148,n150,n152,
97,010000000000000000010111011111111110
,0,DFF_12_N3,DFF_8_N3,DFF_14_N3,n154,n156,n158,n160,n148,n140,n145,n149,n153,
98,010000000000000000010111111010111101
,0,DFF_8_N3,n154,n156,n158,n160,n148,n150,n152,n153,
99,010000000000000000010111111110111101
,0,DFF_12_N3,DFF_8_N3,n154,n156,n158,n160,n148,n150,n152,n145,n153,
100,010000000000000000011111011010111111
,0,DFF_8_N3,DFF_14_N3,n154,n156,n158,n160,n148,n150,n152,n140,n153,
101,010000000000000000010111000011111001
,0,DFF_8_N3,DFF_4_N3,n154,n156,n158,n160,n149,n153,n161,
102,010000000000000000010111000110111001
,0,DFF_12_N3,DFF_4_N3,n154,n156,n158,n160,n145,n149,n161,
103,010000000000000000010111000110111011
,0,DFF_12_N3,DFF_4_N3,DFF_14_N3,n154,n156,n158,n160,n140,n145,n149,n161,
104,010000000000000000010011000010111100
,0,DFF_4_N3,n154,n156,n158,n161,
105,010000000000000000010011000010111101
,0,DFF_4_N3,n154,n156,n158,n149,n161,
106,010000000000000000010011000010111110
,0,DFF_4_N3,DFF_14_N3,n154,n156,n158,n140,n161,
107,010000000000000000010011000011111100
,0,DFF_8_N3,DFF_4_N3,n154,n156,n158,n153,n161,
108,010000000000000000010011000110111100
,0,DFF_12_N3,DFF_4_N3,n154,n156,n158,n145,n161,
109,010000000000000000010111000011111100
,0,DFF_8_N3,n154,n156,n158,n160,n153,
110,010000000000000000010111000011111101
,0,DFF_8_N3,n154,n156,n158,n160,n149,n153,
111,010000000000000000010111000011111110
,0,DFF_8_N3,DFF_14_N3,n154,n156,n158,n160,n140,n153,
112,010000000000000000010111000111111000
,0,DFF_12_N3,DFF_8_N3,DFF_4_N3,n154,n156,n158,n160,n145,n153,n161,
113,010000000000000000010111101111111110
,0,DFF_12_N3,DFF_8_N3,DFF_14_N3,n154,n156,n158,n160,n148,n140,n145,n149,n153,
114,010000000000000000011111001011111111
,0,DFF_8_N3,DFF_14_N3,n154,n156,n158,n160,n148,n150,n140,n153,
115,010000000000000000010111000010111110
,0,DFF_14_N3,n154,n156,n158,n160,n140,
116,010000000000000000010111000010111111
,0,DFF_14_N3,n154,n156,n158,n160,n140,n149,
117,010000000000000000010111000011111111
,0,DFF_8_N3,DFF_14_N3,n154,n156,n158,n160,n140,n149,n153,
118,010000000000000000010111000110111110
,0,DFF_12_N3,DFF_14_N3,n154,n156,n158,n160,n140,n145,
119,010000000000000000010111000111111010
,0,DFF_12_N3,DFF_8_N3,DFF_4_N3,DFF_14_N3,n154,n156,n158,n160,n140,n145,n153,n161,
120,010000000000000000010111011011111110
,0,DFF_8_N3,DFF_14_N3,n154,n156,n158,n160,n148,n140,n149,n153,
121,010000000000000000010111101010111110
,0,DFF_14_N3,n154,n156,n158,n160,n148,n140,n149,
122,010000000000000000010111101110111110
,0,DFF_12_N3,DFF_14_N3,n154,n156,n158,n160,n148,n140,n145,n149,
123,010000000000000000010111111011111110
,0,DFF_8_N3,DFF_14_N3,n154,n156,n158,n160,n148,n140,n149,n153,
124,010000000000000000110111001111111111
,0,DFF_12_N3,DFF_8_N3,DFF_14_N3,n154,n156,n158,n160,n148,n150,n140,n145,n153,
125,010000000000000000110111111010111111
,0,DFF_8_N3,DFF_14_N3,n154,n156,n158,n160,n148,n150,n152,n140,n153,
126,010000000000000000010111000010111101
,0,n154,n156,n158,n160,n149,
127,010000000000000000010111000110111101
,0,DFF_12_N3,n154,n156,n158,n160,n145,n149,
128,010000000000000000010111000110111111
,0,DFF_12_N3,DFF_14_N3,n154,n156,n158,n160,n140,n145,n149,
129,010000000000000000010111000111111001
,0,DFF_12_N3,DFF_8_N3,DFF_4_N3,n154,n156,n158,n160,n145,n149,n153,n161,
130,010000000000000001011111111111111111
,0,n154,n156,n158,n160,n148,n150,n152,n141,n143,n144,
131,010000000000000010011111111011111111
,0,DFF_12_N3,n154,n156,n158,n160,n148,n150,n152,n141,n143,n144,n145,
132,010000000000000000010011000110101000
,0,DFF_12_N3,n154,n156,n145,
133,010000000000000000010011000110101001
,0,DFF_12_N3,n154,n156,n145,n149,
134,010000000000000000010011000110101010
,0,DFF_12_N3,DFF_14_N3,n154,n156,n140,n145,
135,010000000000000000010011000110101100
,0,DFF_12_N3,DFF_4_N3,n154,n156,n145,n161,
136,010000000000000000010011000110111000
,0,DFF_12_N3,n154,n156,n158,n145,
137,010000000000000000010011000111101000
,0,DFF_12_N3,DFF_8_N3,n154,n156,n145,n153,
138,010000000000000000010111000110111100
,0,DFF_12_N3,n154,n156,n158,n160,n145,
139,010000000000000000010111000111111011
,0,DFF_12_N3,DFF_8_N3,DFF_4_N3,DFF_14_N3,n154,n156,n158,n160,n140,n145,n149,n153,n161,
140,010000000000000000011111001110111100
,0,DFF_12_N3,n154,n156,n158,n160,n148,n145,n149,
141,010000000000000000010011000110111001
,0,DFF_12_N3,n154,n156,n158,n145,n149,
142,010000000000000000010011000110111010
,0,DFF_12_N3,DFF_14_N3,n154,n156,n158,n140,n145,
143,010000000000000000010011000110111101
,0,DFF_12_N3,DFF_4_N3,n154,n156,n158,n145,n149,n161,
144,010000000000000000010011000111111000
,0,DFF_12_N3,DFF_8_N3,n154,n156,n158,n145,n153,
145,010000000000000000010111000111111100
,0,DFF_12_N3,DFF_8_N3,n154,n156,n158,n160,n145,n153,
146,010000000000000000010011000010111010
,0,DFF_14_N3,n154,n156,n158,n140,
147,010000000000000000010011000010111011
,0,DFF_14_N3,n154,n156,n158,n140,n149,
148,010000000000000000010011000010111111
,0,DFF_4_N3,DFF_14_N3,n154,n156,n158,n140,n149,n161,
149,010000000000000000010011000011111010
,0,DFF_8_N3,DFF_14_N3,n154,n156,n158,n140,n153,
150,010000000000000000010011000110111011
,0,DFF_12_N3,DFF_14_N3,n154,n156,n158,n140,n145,n149,
151,010000000000000000010011000010101010
,0,DFF_14_N3,n154,n156,n140,
152,010000000000000000010011000010101011
,0,DFF_14_N3,n154,n156,n140,n149,
153,010000000000000000010011000010101110
,0,DFF_4_N3,DFF_14_N3,n154,n156,n140,n161,
154,010000000000000000010011000011101010
,0,DFF_8_N3,DFF_14_N3,n154,n156,n140,n153,
155,010000000000000000010011000011111011
,0,DFF_8_N3,DFF_14_N3,n154,n156,n158,n140,n149,n153,
156,010000000000000000010011000110101011
,0,DFF_12_N3,DFF_14_N3,n154,n156,n140,n145,n149,
157,010000000000000000010011000010101100
,0,DFF_4_N3,n154,n156,n161,
158,010000000000000000010011000010101101
,0,DFF_4_N3,n154,n156,n149,n161,
159,010000000000000000010011000010101111
,0,DFF_4_N3,DFF_14_N3,n154,n156,n140,n149,n161,
160,010000000000000000010011000011101100
,0,DFF_8_N3,DFF_4_N3,n154,n156,n153,n161,
161,010000000000000000010011000011111101
,0,DFF_8_N3,DFF_4_N3,n154,n156,n158,n149,n153,n161,
162,010000000000000000010011000110101101
,0,DFF_12_N3,DFF_4_N3,n154,n156,n145,n149,n161,
163,010000000000000000010011000011111000
,0,DFF_8_N3,n154,n156,n158,n153,
164,010000000000000000010011000011111001
,0,DFF_8_N3,n154,n156,n158,n149,n153,
165,010000000000000000010011000011111110
,0,DFF_8_N3,DFF_4_N3,DFF_14_N3,n154,n156,n158,n140,n153,n161,
166,010000000000000000010011000111111001
,0,DFF_12_N3,DFF_8_N3,n154,n156,n158,n145,n149,n153,
167,010000000000000000010111000111111101
,0,DFF_12_N3,DFF_8_N3,n154,n156,n158,n160,n145,n149,n153,
168,010000000000000000010011000011111111
,0,DFF_8_N3,DFF_4_N3,DFF_14_N3,n154,n156,n158,n140,n149,n153,n161,
169,010000000000000000010011000110111110
,0,DFF_12_N3,DFF_4_N3,DFF_14_N3,n154,n156,n158,n140,n145,n161,
170,010000000000000000010111000111111110
,0,DFF_12_N3,DFF_8_N3,DFF_14_N3,n154,n156,n158,n160,n140,n145,n153,
171,010000000000000000010111000111111111
,0,DFF_12_N3,DFF_8_N3,DFF_14_N3,n154,n156,n158,n160,n140,n145,n149,n153,
172,010000000000000000010111001110111000
,0,DFF_12_N3,DFF_4_N3,n154,n156,n158,n160,n145,n161,
173,010000000000000000011111001110111110
,0,DFF_12_N3,DFF_14_N3,n154,n156,n158,n160,n148,n140,n145,n149,
174,010000000000000000010011000010111001
,0,n154,n156,n158,n149,
175,010000000000000000010011000110111111
,0,DFF_12_N3,DFF_4_N3,DFF_14_N3,n154,n156,n158,n140,n145,n149,n161,
176,010000000000000000010011000111111011
,0,DFF_12_N3,DFF_8_N3,DFF_14_N3,n154,n156,n158,n140,n145,n149,n153,
177,010000000000000000010111010010111001
,0,DFF_4_N3,n154,n156,n158,n160,n149,n161,
178,010000000000000000011111101011111101
,0,DFF_8_N3,n154,n156,n158,n160,n148,n150,n153,
179,010000000000000000011111101011111111
,0,DFF_8_N3,DFF_14_N3,n154,n156,n158,n160,n148,n150,n140,n153,
180,010000000000000000011111101111111101
,0,DFF_12_N3,DFF_8_N3,n154,n156,n158,n160,n148,n150,n145,n153,
181,010000000000000000010011000111111100
,0,DFF_12_N3,DFF_8_N3,DFF_4_N3,n154,n156,n158,n145,n153,n161,
182,010000000000000000010011000111111101
,0,DFF_12_N3,DFF_8_N3,DFF_4_N3,n154,n156,n158,n145,n149,n153,n161,
183,010000000000000000010011000111111110
,0,DFF_12_N3,DFF_8_N3,DFF_4_N3,DFF_14_N3,n154,n156,n158,n140,n145,n153,n161,
184,010000000000000000010011000010111000
,0,n154,n156,n158,
185,010000000000000000010011000111111010
,0,DFF_12_N3,DFF_8_N3,DFF_14_N3,n154,n156,n158,n140,n145,n153,
186,010000000000000000010011000111111111
,0,DFF_12_N3,DFF_8_N3,DFF_4_N3,DFF_14_N3,n154,n156,n158,n140,n145,n149,n153,n161,
187,010000000000000000010111000010111100
,0,n154,n156,n158,n160,
188,010000000000000000010111001010111000
,0,DFF_4_N3,n154,n156,n158,n160,n161,
189,010000000000000000010111001010111001
,0,DFF_4_N3,n154,n156,n158,n160,n149,n161,
190,010000000000000000010111001010111010
,0,DFF_4_N3,DFF_14_N3,n154,n156,n158,n160,n140,n161,
191,010000000000000000010111001011111000
,0,DFF_8_N3,DFF_4_N3,n154,n156,n158,n160,n153,n161,
192,010000000000000000010111001110111001
,0,DFF_12_N3,DFF_4_N3,n154,n156,n158,n160,n145,n149,n161,
193,010000000000000000010001000110101000
,0,DFF_12_N3,n154,n145,
194,010000000000000000010001000110101001
,0,DFF_12_N3,n154,n145,n149,
195,010000000000000000010001000110101010
,0,DFF_12_N3,DFF_14_N3,n154,n140,n145,
196,010000000000000000010001000110101100
,0,DFF_12_N3,DFF_4_N3,n154,n145,n161,
197,010000000000000000010001000111101000
,0,DFF_12_N3,DFF_8_N3,n154,n145,n153,
198,010000000000000000010001000010101010
,0,DFF_14_N3,n154,n140,
199,010000000000000000010001000010101011
,0,DFF_14_N3,n154,n140,n149,
200,010000000000000000010001000010101110
,0,DFF_4_N3,DFF_14_N3,n154,n140,n161,
201,010000000000000000010001000011101010
,0,DFF_8_N3,DFF_14_N3,n154,n140,n153,
202,010000000000000000010001000110101011
,0,DFF_12_N3,DFF_14_N3,n154,n140,n145,n149,
203,010000000000000000010001000010101100
,0,DFF_4_N3,n154,n161,
204,010000000000000000010001000010101101
,0,DFF_4_N3,n154,n149,n161,
205,010000000000000000010001000010101111
,0,DFF_4_N3,DFF_14_N3,n154,n140,n149,n161,
206,010000000000000000010001000011101100
,0,DFF_8_N3,DFF_4_N3,n154,n153,n161,
207,010000000000000000010001000110101101
,0,DFF_12_N3,DFF_4_N3,n154,n145,n149,n161,
208,010000000000000000010011000011101000
,0,DFF_8_N3,n154,n156,n153,
209,010000000000000000010011000011101001
,0,DFF_8_N3,n154,n156,n149,n153,
210,010000000000000000010011000011101011
,0,DFF_8_N3,DFF_14_N3,n154,n156,n140,n149,n153,
211,010000000000000000010011000011101101
,0,DFF_8_N3,DFF_4_N3,n154,n156,n149,n153,n161,
212,010000000000000000010011000111101001
,0,DFF_12_N3,DFF_8_N3,n154,n156,n145,n149,n153,
213,010000000000000000010011001011111000
,0,DFF_8_N3,n154,n156,n158,n153,
214,010000000000000000010011000011101110
,0,DFF_8_N3,DFF_4_N3,DFF_14_N3,n154,n156,n140,n153,n161,
215,010000000000000000010011000011101111
,0,DFF_8_N3,DFF_4_N3,DFF_14_N3,n154,n156,n140,n149,n153,n161,
216,010000000000000000010011000110101110
,0,DFF_12_N3,DFF_4_N3,DFF_14_N3,n154,n156,n140,n145,n161,
217,010000000000000000010011001010111010
,0,DFF_14_N3,n154,n156,n158,n140,
218,010000000000000000010011000110101111
,0,DFF_12_N3,DFF_4_N3,DFF_14_N3,n154,n156,n140,n145,n149,n161,
219,010000000000000000010011000111101010
,0,DFF_12_N3,DFF_8_N3,DFF_14_N3,n154,n156,n140,n145,n153,
220,010000000000000000010011001110111000
,0,DFF_12_N3,n154,n156,n158,n145,
221,010000000000000000010011000010101001
,0,n154,n156,n149,
222,010000000000000000010011000111101011
,0,DFF_12_N3,DFF_8_N3,DFF_14_N3,n154,n156,n140,n145,n149,n153,
223,010000000000000000010011000111101101
,0,DFF_12_N3,DFF_8_N3,DFF_4_N3,n154,n156,n145,n149,n153,n161,
224,010000000000000000010011010010111001
,0,n154,n156,n158,n149,
225,010000000000000000011111001011111100
,0,DFF_8_N3,n154,n156,n158,n160,n148,n149,n153,
226,010000000000000000011111001011111110
,0,DFF_8_N3,DFF_14_N3,n154,n156,n158,n160,n148,n140,n149,n153,
227,010000000000000000011111001111111100
,0,DFF_12_N3,DFF_8_N3,n154,n156,n158,n160,n148,n145,n149,n153,
228,010000000000000000011111101111111111
,0,DFF_12_N3,DFF_8_N3,DFF_14_N3,n154,n156,n158,n160,n148,n150,n140,n145,n153,
229,010000000000000000010011000111101100
,0,DFF_12_N3,DFF_8_N3,DFF_4_N3,n154,n156,n145,n153,n161,
230,010000000000000000010011000111101110
,0,DFF_12_N3,DFF_8_N3,DFF_4_N3,DFF_14_N3,n154,n156,n140,n145,n153,n161,
231,010000000000000000010011000111101111
,0,DFF_12_N3,DFF_8_N3,DFF_4_N3,DFF_14_N3,n154,n156,n140,n145,n149,n153,n161,
232,010000000000000000010011001010111100
,0,DFF_4_N3,n154,n156,n158,n161,
233,010000000000000000000000000000000100
,0,DFF_4_N3,n161,
234,010000000000000000000000000000000101
,0,DFF_4_N3,n149,n161,
235,010000000000000000000000000000000110
,0,DFF_4_N3,DFF_14_N3,n140,n161,
236,010000000000000000000000000001000100
,0,DFF_8_N3,DFF_4_N3,n153,n161,
237,010000000000000000010011000010101000
,0,n154,n156,
238,010000000000000000010011001010101001
,0,n154,n156,n149,
239,010000000000000000010011001010101010
,0,DFF_14_N3,n154,n156,n140,
240,010000000000000000010011001010101100
,0,DFF_4_N3,n154,n156,n161,
241,010000000000000000010011001010111000
,0,n154,n156,n158,
242,010000000000000000010011001011101000
,0,DFF_8_N3,n154,n156,n153,
243,010000000000000000010011001110101000
,0,DFF_12_N3,n154,n156,n145,
244,010000000000000000010001000010101001
,0,n154,n149,
245,010000000000000000010001000010111011
,0,DFF_14_N3,n154,n140,n149,
246,010000000000000000010001000010111101
,0,DFF_4_N3,n154,n149,n161,
247,010000000000000000010001000011101001
,0,DFF_8_N3,n154,n149,n153,
248,010000000000000000010001000110101111
,0,DFF_12_N3,DFF_4_N3,DFF_14_N3,n154,n140,n145,n149,n161,
249,010000000000000000010111001011111001
,0,DFF_8_N3,DFF_4_N3,n154,n156,n158,n160,n149,n153,n161,
250,010000000000000000010111001011111010
,0,DFF_8_N3,DFF_4_N3,DFF_14_N3,n154,n156,n158,n160,n140,n153,n161,
251,010000000000000000010111001111111000
,0,DFF_12_N3,DFF_8_N3,DFF_4_N3,n154,n156,n158,n160,n145,n153,n161,
252,010000000000000000011111001111111110
,0,DFF_12_N3,DFF_8_N3,DFF_14_N3,n154,n156,n158,n160,n148,n140,n145,n149,n153,
253,010000000000000000010001000010111100
,0,DFF_4_N3,n154,n161,
254,010000000000000000010001000010111110
,0,DFF_4_N3,DFF_14_N3,n154,n140,n161,
255,010000000000000000010001000010111111
,0,DFF_4_N3,DFF_14_N3,n154,n140,n149,n161,
256,010000000000000000010001000011101101
,0,DFF_8_N3,DFF_4_N3,n154,n149,n153,n161,
257,010000000000000000010001000110101110
,0,DFF_12_N3,DFF_4_N3,DFF_14_N3,n154,n140,n145,n161,
258,010000000000000000000000000100000000
,0,DFF_12_N3,n145,
259,010000000000000000000000000100000001
,0,DFF_12_N3,n145,n149,
260,010000000000000000000000000100000010
,0,DFF_12_N3,DFF_14_N3,n140,n145,
261,010000000000000000000000000100000100
,0,DFF_12_N3,DFF_4_N3,n145,n161,
262,010000000000000000000000000101000000
,0,DFF_12_N3,DFF_8_N3,n145,n153,
263,010000000000000000000000000000000010
,0,DFF_14_N3,n140,
264,010000000000000000000000000000000011
,0,DFF_14_N3,n140,n149,
265,010000000000000000000000000000000111
,0,DFF_4_N3,DFF_14_N3,n140,n149,n161,
266,010000000000000000000000000001000010
,0,DFF_8_N3,DFF_14_N3,n140,n153,
267,010000000000000000000000000001000000
,0,DFF_8_N3,n153,
268,010000000000000000000000000001000001
,0,DFF_8_N3,n149,n153,
269,010000000000000000000000000001000011
,0,DFF_8_N3,DFF_14_N3,n140,n149,n153,
270,010000000000000000000000000001000101
,0,DFF_8_N3,DFF_4_N3,n149,n153,n161,
271,010000000000000000000000000000001010
,0,DFF_14_N3,n140,
272,010000000000000000000000000000001011
,0,DFF_14_N3,n140,n149,
273,010000000000000000000000000000001110
,0,DFF_4_N3,DFF_14_N3,n140,n161,
274,010000000000000000000000000001000110
,0,DFF_8_N3,DFF_4_N3,DFF_14_N3,n140,n153,n161,
275,010000000000000000000000000100000011
,0,DFF_12_N3,DFF_14_N3,n140,n145,n149,
276,010000000000000000000000000100000101
,0,DFF_12_N3,DFF_4_N3,n145,n149,n161,
277,010000000000000000000000000101000001
,0,DFF_12_N3,DFF_8_N3,n145,n149,n153,
278,010000000000000000000000000000000001
,0,n149,
279,010000000000000000000000000000001101
,0,DFF_4_N3,n149,n161,
280,010000000000000000000000000000001111
,0,DFF_4_N3,DFF_14_N3,n140,n149,n161,
281,010000000000000000000000000001000111
,0,DFF_8_N3,DFF_4_N3,DFF_14_N3,n140,n149,n153,n161,
282,010000000000000000000000000001001000
,0,DFF_8_N3,n153,
283,010000000000000000000000000001001001
,0,DFF_8_N3,n149,n153,
284,010000000000000000000000000001001010
,0,DFF_8_N3,DFF_14_N3,n140,n153,
285,010000000000000000000000000001001100
,0,DFF_8_N3,DFF_4_N3,n153,n161,
286,010000000000000000010001000010101000
,0,n154,
287,010000000000000000010001000010111001
,0,n154,n149,
288,010000000000000000010001000010111010
,0,DFF_14_N3,n154,n140,
289,010000000000000000010001000011101000
,0,DFF_8_N3,n154,n153,
290,010000000000000000010001000011101110
,0,DFF_8_N3,DFF_4_N3,DFF_14_N3,n154,n140,n153,n161,
291,010000000000000000010001000110111000
,0,DFF_12_N3,n154,n145,
292,010000000000000000000000000000001100
,0,DFF_4_N3,n161,
293,010000000000000000000000000000010101
,0,DFF_4_N3,n149,n161,
294,010000000000000000000000000000010110
,0,DFF_4_N3,DFF_14_N3,n140,n161,
295,010000000000000000000000000001001101
,0,DFF_8_N3,DFF_4_N3,n149,n153,n161,
